"NR","OGGETTO","SALA","STATO_CORRENTE","LINK_MOD","NOTE","ACQUISIZIONE_Istituto_responsabile_acquisizione","ACQUISIZIONE_Persone_responsabili_acquisizione","ACQUISIZIONE_Tecnica_di_acquisizione","ACQUISIZIONE_Strumentazione_di_acquisizione","ACQUISIZIONE_Tempi_di_acquisizione_Data_inizio_(specificare_data_mm-dd)","ACQUISIZIONE_Tempi_di_acquisizione_Data_fine_(specificare_data_mm-dd)","PROCESSAMENTO_Istituto_responsabile_processamento","PROCESSAMENTO_Persone_responsabili_processamento","PROCESSAMENTO_Strumentazione_di_processamento","PROCESSAMENTO_Tempi_di_processamento_Data_inizio_(specificare_data_mm-dd)","PROCESSAMENTO_Tempi_di_processamento_Data_fine_(specificare_data_mm-dd)","MODELLAZIONE_Istituto_responsabile_modellazione","MODELLAZIONE_Persone_responsabili_modellazione","MODELLAZIONE_Strumentazione_di_modellazione","MODELLAZIONE_Tempi_di_modellazione_Data_inizio_(specificare_data_mm-dd)","MODELLAZIONE_Tempi_di_modellazione_Data_fine_(specificare_data_mm-dd)","OTTIMIZZAZIONE_Istituto_responsabile_ottimizzazione","OTTIMIZZAZIONE_Persone_responsabili_ottimizzazione","OTTIMIZZAZIONE_Strumentazione_di_ottimizzazione","OTTIMIZZAZIONE_Tempi_di_ottimizzazione_Data_inizio_(specificare_data_mm-dd)","OTTIMIZZAZIONE_Tempi_di_ottimizzazione_Data_fine_(specificare_data_mm-dd)","ESPORTAZIONE_Istituto_responsabile_esportazione","ESPORTAZIONE_Persone_responsabili_esportazione","ESPORTAZIONE_Strumentazione_di_esportazione","ESPORTAZIONE_Tempi_di_esportazione_Data_inizio_(specificare_data_mm-dd)","ESPORTAZIONE_Tempi_di_esportazione_Data_fine_(specificare_data_mm-dd)","METADATAZIONE_Istituto_responsabile_metadatazione","METADATAZIONE_Persone_responsabili_metadatazione","METADATAZIONE_Strumentazione_di_metadatazione","METADATAZIONE_Tempi_di_metadatazione_Data_inizio_(specificare_data_mm-dd)","METADATAZIONE_Tempi_di_metadatazione_Data_fine_(specificare_data_mm-dd)","CARICAMENTO_SU_ATON_Istituto_responsabile_caricamento","CARICAMENTO_SU_ATON_Persone_responsabili_caricamento","CARICAMENTO_SU_ATON_Strumentazione_di_caricamento","CARICAMENTO_SU_ATON_Tempi_di_caricamento_Data_inizio_(specificare_data_mm-dd)","CARICAMENTO_SU_ATON_Tempi_di_caricamento_Data_fine_(specificare_data_mm-dd)","ACQUISIZIONE_Licenza","LINK","MODELLAZIONE_Licenza","OGGETTO_ESISTENTE","OTTIMIZZAZIONE_Licenza","PROCESSAMENTO_Licenza"
"699714","Moa della nuova Zelanda","11","5 - Esportato","","","UNIBO DA","Mattia Sullini","Fotogrammetria","Sony alpha 7 II","2024-10-09","2024-10-09","UNIBO DA","Mattia Sullini","Metsahape","2024-10-10","2024-10-11","UNIBO DA","Mattia Sullini","Modo, Zbrush","2025-04-05","2025-05-20","UNIBO DA","Mattia Sullini","Modo, Zbrush","2025-06-05","2025-06-12","UNIBO DA","Mattia Sullini","InstaLOD","2026-02-26","2026-02-28","","","","","","","","","","","","","","","",""
"699724","Ichtyosaurus cf. communis","11","5 - Esportato","","","UNIBO FICLIT","Alice Bordignon","Fotogrammetria","Sony Alpha 6100","2024-06-11","2024-06-11","UNIBO FICLIT","Alice Bordignon","3DF Zephyr","2024-07-08","2024-07-08","UNIBO FICLIT","Alice Bordignon","Blender","2024-07-08","2024-07-08","UNIBO FICLIT","Alice Bordignon","Instant Meshes, Blender, Gimp, 3DF Zephyr","2024-07-08","2024-07-08","UNIBO FICLIT","Alice Bordignon","Blender","2024-07-09","2024-07-09","","","","","","","","","","","","","","","",""
"699725","Alopiopsis Cuvieri (Monte Bolca) - Squalo","2","5 - Esportato","","","UNIBO FICLIT","Francesca Fabbri","Fotogrammetria","Nikon D750","2024-06-20","2024-06-20","UNIBO FICLIT","Francesca Fabbri","3DF Zephyr","2024-07-08","2024-07-08","UNIBO FICLIT","Francesca Fabbri","Blender","2024-07-12","2024-07-26","UNIBO FICLIT","Francesca Fabbri","Instant Meshes, Blender, Photoshop, 3DF Zephyr","2024-07-26","2024-07-26","UNIBO FICLIT","Francesca Fabbri","Blender","2024-07-26","2024-07-26","","","","","","","","","","","","","","","",""
"699726","Torvosaurus tanneri","10","1c - Acquisito ma da completare","","","UNIBO DBC","Federica Collina","Scanner Artec","Artec Eva","2024-06-10","2024-06-10","","","","","","","","","","","","","","","","","","","","","","","","","","","","","","","","","","","",""
"","","","5 - Esportato","","","UNIBO FICLIT","Francesca Fabbri","Fotogrammetria","Nikon D750","2024-06-24","2024-06-24","UNIBO FICLIT","Francesca Fabbri","3DF Zephyr","2024-07-25","2024-07-25","UNIBO FICLIT","Francesca Fabbri","Blender","","2024-08-07","UNIBO FICLIT","Francesca Fabbri","Instant Meshes, Blender, 3DF Zephyr","2024-09-10","2024-09-11","UNIBO FICLIT","Francesca Fabbri","Blender","2024-09-11","2024-09-11","","","","","","","","","","","","","","","",""
"699706","Stenella","4","5 - Esportato","","","CNR ISPC","Maria Felicia Rega","Fotogrammetria","Canon EOS 6D","2024-10-12","2024-10-12","CNR ISPC","Maria Felicia Rega","3DF Zephyr","2024-12-17","2024-12-17","CNR ISPC","Maria Felicia Rega","Blender","2024-12-17","2024-12-17","CNR ISPC","Maria Felicia Rega","Instant Meshes, Blender, Gimp, 3DF Zephyr","2024-12-17","2024-12-17","CNR ISPC","Maria Felicia Rega","Blender","2025-01-13","2025-01-13","","","","","","","","","","","","","","","",""
"6","Ammoniti:","PT4F  (S15)","","","no entità. Stanza definita da Michela come Sala 15 (prima segnata come S9). PT4F e PT4G si riferiscono a due armadi","","","","","","","","","","","","","","","","","","","","","","","","","","","","","","","","","","","","","","","","","",""
"699727","Subgrossovuria - Giurassico - Francia","15","5 - Esportato","","","UNIBO FICLIT","Mahnoush Pourhosseini Akbarie, Valentina Bertelli, Kaosaier Wusiman,  Nazanin Fakharian","Fotogrammetria","Panasonic DMC-LX100","2024-06-03","2024-06-03","CNR ISPC","Maria Felicia Rega","3DF Zephyr","2024-07-17","2024-07-17","CNR ISPC","Maria Felicia Rega","Blender","2024-07-17","2024-07-17","CNR ISPC","Maria Felicia Rega","Instant Meshes, Blender, Gimp, 3DF Zephyr","2024-07-17","2024-07-17","CNR ISPC","Maria Felicia Rega","Blender","2024-07-17","2024-07-17","","","","","","","","","","","","","","","",""
"6b","Ammonoidea Cephalopoda - Marocco","15","1b - Acquisito ma da rifare","","","UNIBO FICLIT","Mahnoush Pourhosseini Akbarie, Valentina Bertelli, Kaosaier Wusiman,  Nazanin Fakharian","Fotogrammetria","Panasonic DMC-LX100","2024-06-03","2024-06-03","","","","","","","","","","","","","","","","","","","","","","","","","","","","","","","","","","","",""
"699690","Ammoinidea Cephalopoda - Germania","15","5 - Esportato","","uno a scelta tra 6c e 6i","CNR ISPC","Maria Felicia Rega","Fotogrammetria","Canon EOS 6D","2024-12-10","2024-12-10","CNR ISPC","Maria Felicia Rega","3DF Zephyr","2024-12-12","2024-12-12","CNR ISPC","Maria Felicia Rega","Blender","2024-12-12","2024-12-12","CNR ISPC","Maria Felicia Rega","Instant Meshes, Blender, Gimp, 3DF Zephyr","2024-12-12","2024-12-12","CNR ISPC","Maria Felicia Rega","Blender","2024-12-12","2024-12-12","","","","","","","","","","","","","","","",""
"699728","Nautiloide - Cenoceras Sp. Giurassico - Francia","15","5 - Esportato","","","UNIBO FICLIT","Mahnoush Pourhosseini Akbarie, Valentina Bertelli, Kaosaier Wusiman,  Nazanin Fakharian","Fotogrammetria","Panasonic DMC-LX100","2024-06-03","2024-06-03","CNR ISPC","Maria Felicia Rega","3DF Zephyr","2024-07-22","2024-07-22","CNR ISPC","Maria Felicia Rega","Blender","2024-07-22","2024-07-22","CNR ISPC","Maria Felicia Rega","Instant Meshes, Blender, Gimp, 3DF Zephyr","2024-07-22","2024-07-22","CNR ISPC","Maria Felicia Rega","Blender","2024-07-22","2024-07-22","","","","","","","","","","","","","","","",""
"6e","Semenoviceras","15","1b - Acquisito ma da rifare","","","UNIBO FICLIT","Mahnoush Pourhosseini Akbarie, Valentina Bertelli, Kaosaier Wusiman,  Nazanin Fakharian","Fotogrammetria","Nikon D750","2024-06-03","2024-06-03","","","","","","","","","","","","","","","","","","","","","","","","","","","","","","","","","","","",""
"699691","Calycoceras Asiaticum","15","5 - Esportato","","","CNR ISPC","Maria Felicia Rega","Fotogrammetria","Canon EOS 6D","2024-12-10","2024-12-10","CNR ISPC","Maria Felicia Rega","3DF Zephyr","2024-12-12","2024-12-12","CNR ISPC","Maria Felicia Rega","Blender","2024-12-12","2024-12-12","CNR ISPC","Maria Felicia Rega","Instant Meshes, Blender, Gimp, 3DF Zephyr","2024-12-12","2024-12-12","CNR ISPC","Maria Felicia Rega","Blender","2024-12-12","2024-12-12","","","","","","","","","","","","","","","",""
"6g","Discophillites - Triassico - Indonesia","15","1b - Acquisito ma da rifare","","","UNIBO FICLIT","Mahnoush Pourhosseini Akbarie, Valentina Bertelli, Kaosaier Wusiman,  Nazanin Fakharian","Fotogrammetria","Nikon D750","2024-06-03","2024-06-03","","","","","","","","","","","","","","","","","","","","","","","","","","","","","","","","","","","",""
"6h","Pleuroceras - Giurassico - Germania","15","1b - Acquisito ma da rifare","","","UNIBO FICLIT","Mahnoush Pourhosseini Akbarie, Valentina Bertelli, Kaosaier Wusiman,  Nazanin Fakharian","Fotogrammetria","Panasonic DMC-LX100","2024-06-03","2024-06-03","","","","","","","","","","","","","","","","","","","","","","","","","","","","","","","","","","","",""
"699692","Mariella Cenomanensis - Cretaceo - Francia","15","5 - Esportato","","uno a scelta tra 6c e 6i","CNR ISPC","Maria Felicia Rega","Fotogrammetria","Canon EOS 6D","2024-12-10","2024-12-10","CNR ISPC","Maria Felicia Rega","3DF Zephyr","2024-12-16","2024-12-16","CNR ISPC","Maria Felicia Rega","Blender","2024-12-16","2024-12-16","CNR ISPC","Maria Felicia Rega","Instant Meshes, Blender, Gimp, 3DF Zephyr","2024-12-16","2024-12-16","CNR ISPC","Maria Felicia Rega","Blender","2024-12-16","2024-12-16","","","","","","","","","","","","","","","",""
"699729","Ptychophyllocems - Giurassico - Marocco","15","5 - Esportato","","","UNIBO FICLIT","Mahnoush Pourhosseini Akbarie, Valentina Bertelli, Kaosaier Wusiman,  Nazanin Fakharian","Fotogrammetria","Nikon D750","2024-06-03","2024-06-03","CNR ISPC","Maria Felicia Rega","3DF Zephyr","2024-07-24","2024-07-24","CNR ISPC","Maria Felicia Rega","Blender","2024-07-24","2024-07-24","CNR ISPC","Maria Felicia Rega","Instant Meshes, Blender, Gimp, 3DF Zephyr","2024-07-24","2024-07-24","CNR ISPC","Maria Felicia Rega","Blender","2024-07-24","2024-07-24","","","","","","","","","","","","","","","",""
"699730","Aspidoceras Ulandi","15","5 - Esportato","","","UNIBO FICLIT","Francesca Fabbri","Fotogrammetria","Nikon D750","2024-06-24","2024-06-24","UNIBO FICLIT","Francesca Fabbri","3df zephyre","2024-09-03","2024-09-03","UNIBO FICLIT","Francesca Fabbri","Blender","2024-09-03","2024-09-03","UNIBO FICLIT","Francesca Fabbri","Instant Meshes, Blender","2024-09-03","2024-09-03","UNIBO FICLIT","Francesca Fabbri","Blender","2024-09-03","2024-09-03","","","","","","","","","","","","","","","",""
"7","Trilobiti:","PT4G (S15)","","","no entità. Stanza definita da Michela come Sala 15 (prima segnata come S9). PT4F e PT4G si riferiscono a due armadi","","","","","","","","","","","","","","","","","","","","","","","","","","","","","","","","","","","","","","","","","",""
"7a","Trilobite-dicranurus","15","1b - Acquisito ma da rifare","","","UNIBO FICLIT","Mahnoush Pourhosseini Akbarie","Fotogrammetria","Canon EOS 250D 35mm","2024-06-03","2024-06-03","","","","","","","","","","","","","","","","","","","","","","","","","","","","","","","","","","","",""
"699731","Trilobite-Reedops, Marocco","15","5 - Esportato","","","UNIBO FICLIT","Kaosaier Wusiman","Fotogrammetria","Panasonic DMC-LX100","2024-06-12","2024-06-12","CNR ISPC","Maria Felicia Rega","3DF Zephyr","2024-07-17","2024-07-17","CNR ISPC","Maria Felicia Rega","Blender","2024-07-18","2024-07-18","CNR ISPC","Maria Felicia Rega","Instant Meshes, Blender, Gimp, 3DF Zephyr","2024-07-18","2024-07-18","CNR ISPC","Maria Felicia Rega","Blender","2024-07-18","2024-07-18","","","","","","","","","","","","","","","",""
"7c","Phacops africanus devoniano, Marocco","15","1b - Acquisito ma da rifare","","","UNIBO FICLIT","Kaosaier Wusiman","Fotogrammetria","Panasonic DMC-LX100","2024-06-12","2024-06-12","","","","","","","","","","","","","","","","","","","","","","","","","","","","","","","","","","","",""
"7d","Trilobite-Phacops Africanus devoniano","15","1b - Acquisito ma da rifare","","","UNIBO FICLIT","Kaosaier Wusiman","Fotogrammetria","Panasonic DMC-LX100","2024-06-12","2024-06-12","","","","","","","","","","","","","","","","","","","","","","","","","","","","","","","","","","","",""
"7e","Trilobite - Scutellum","15","1b - Acquisito ma da rifare","","","UNIBO FICLIT","Kaosaier Wusiman","Fotogrammetria","Panasonic DMC-LX100","2024-06-12","2024-06-12","","","","","","","","","","","","","","","","","","","","","","","","","","","","","","","","","","","",""
"7f","Trilobite - Scutellum","15","1b - Acquisito ma da rifare","","","UNIBO FICLIT","Kaosaier Wusiman","Fotogrammetria","Panasonic DMC-LX100","2024-06-12","2024-06-12","","","","","","","","","","","","","","","","","","","","","","","","","","","","","","","","","","","",""
"699732","Trilobite - Hamatolenus Cambiano","15","5 - Esportato","","","UNIBO FICLIT","Kaosaier Wusiman","Fotogrammetria","Panasonic DMC-LX100","2024-06-16","2024-06-16","UNIBO FICLIT","Francesca Fabbri","3df zephyr","2024-08-26","2024-08-26","UNIBO FICLIT","Francesca Fabbri","Blender","2024-08-27","2024-08-27","UNIBO FICLIT","Francesca Fabbri","Instant Meshes, Blender, Photoshop, 3DF Zephyr","2024-07-27","2024-07-27","UNIBO FICLIT","Francesca fabbri","Blender","2024-07-27","2024-07-27","","","","","","","","","","","","","","","",""
"699733","Trilobite - Illrenus Sp. Ordoviciano","15","5 - Esportato","","","UNIBO FICLIT","Francesca Fabbri","Fotogrammetria","Sony Alpha 6100","2024-06-19","2024-06-19","UNIBO FICLIT","Francesca Fabbri","3df zephyr","2024-09-03","2024-09-03","UNIBO FICLIT","Francesca Fabbri","Blender","2024-09-03","2024-09-03","UNIBO FICLIT","Francesca Fabbri","Instant Meshes, Blender, Photoshop, 3DF Zephyr","2024-09-04","2024-09-04","UNIBO FICLIT","Francesca fabbri","Blender","2024-09-04","2024-09-04","","","","","","","","","","","","","","","",""
"699734","Trilobite - Palaserusus Sp. Devoniano, Marocco","15","5 - Esportato","","","UNIBO FICLIT","Alice Bordignon","Fotogrammetria","Sony Alpha 6100","2024-06-19","2024-06-19","UNIBO FICLIT","Alice Bordignon","3DF Zephyr","2024-09-02","2024-09-02","UNIBO FICLIT","Alice Bordignon","Blender","2024-09-02","2024-09-02","UNIBO FICLIT","Alice Bordignon","Blender, 3DF Zephyr","2024-09-02","2024-09-02","UNIBO FICLIT","Alice Bordignon","Blender","2024-09-02","2024-09-02","","","","","","","","","","","","","","","",""
"7l","Trilobite - Asteropyge Sp. Devoniano, Marocco","PT4G (S9)","1b - Acquisito ma da rifare","","","UNIBO FICLIT","Alice Bordignon","Fotogrammetria","Sony Alpha 6100","2024-06-19","2024-06-19","","","","","","","","","","","","","","","","","","","","","","","","","","","","","","","","","","","",""
"699735","Trilobiti - Flexicalymene Ouzregui, Ordoviciano","15","5 - Esportato","","","UNIBO FICLIT","Alice Bordignon","Fotogrammetria","Sony Alpha 6100","2024-06-19","2024-06-19","CNR ISPC","Maria Felicia Rega","3DF Zephyr","2024-02-10","2024-02-10","CNR ISPC","Maria Felicia Rega","Blender","2024-02-10","2024-02-10","CNR ISPC","Maria Felicia Rega","Instant Meshes, Blender, 3DF Zephyr","2024-02-10","2024-02-10","CNR ISPC","Maria Felicia Rega","Blender","2024-02-10","2024-02-10","","","","","","","","","","","","","","","",""
"699694","Thethyshadros","10","5 - Esportato","","PRIORITA': entro 28 febbraio. Oggetto scelto per stampa 3D","UNIBO DBC","Federica Collina","Scanner Artec","Artec Eva e Spider","2024-06-11","2024-06-11","UNIBO DBC","Federica Collina","Artec Studio 15","2025-01-08","2025-01-13","UNIBO DBC","Federica Collina","Blender","2025-01-13","2025-01-17","UNIBO FICLIT","Francesca Fabbri","Instant Meshes, Blender, 3DF Zephyr","2025-02-27","2025-02-27","UNIBO FICLIT","Francesca Fabbri","Blender","2025-02-28","2025-02-28","","","","","","","","","","","","","","","",""
"699712","Mosasaurus sp.","10","5 - Esportato","","","UNIBO DBC","Federica Collina","Scanner Artec","Artec Spider","2024-05-31","2024-05-31","UNIBO DBC","Federica Collina","Artec Studio 18","2025-01-20","2025-01-21","UNIBO DBC","Federica Collina","Blender","2025-01-27","2025-01-27","UNIBO FICLIT","Luisa Ammirati","Instant Meshes, Blender, Gimp","2025-02-05","2025-02-07","UNIBO FICLIT","Luisa Ammirati","Blender","2025-02-10","2025-02-10","","","","","","","","","","","","","","","",""
"699736","Capellinosuchus","10","5 - Esportato","","*per modellazione si intende modifica della texture","UNIBO DBC","Federica Collina","Scanner Artec","Artec Spider","2024-05-30","2024-05-30","UNIBO DBC","Federica Collina","Artec Studio 15","2024-07-30","2024-07-30","UNIBO DBC","Federica Collina","Blender","2024-07-31","2024-07-31","UNIBO FICLIT","Alice Bordignon","Instant Meshes, Blender, Gimp","2024-08-02","2024-08-02","UNIBO FICLIT","Alice Bordignon","Blender","2024-08-02","2024-08-02","","","","","","","","","","","","","","","",""
"699737","Modellino in gesso di ittiosauro","10","5 - Esportato","","","UNIBO DBC","Federica Collina","Scanner Artec","Artec Spider","2024-05-30","2024-05-30","UNIBO DBC","Federica Collina","Artec Studio 15","2024-08-21","2024-08-21","UNIBO DBC","Federica Collina","Blender","2024-08-26","2024-08-26","UNIBO FICLIT","Luisa Ammirati","Instant Meshes, Blender, Gimp","2025-02-03","2025-02-05","UNIBO FICLIT","Luisa Ammirati","Blender","2025-02-05","2025-02-05","","","","","","","","","","","","","","","",""
"699738","Archaeopterix lithographica","10","5 - Esportato","","","UNIBO FICLIT","Francesca Fabbri","Fotogrammetria","Nikon D750","2024-06-19","2024-06-19","UNIBO FICLIT","Francesca Fabbri","3df zephyre, Blender","2024-07-23","2024-07-23","UNIBO FICLIT","Francesca Fabbri","Blender","2024-07-23","2024-07-23","UNIBO FICLIT","Francesca Fabbri","Blender, Photoshop","2024-07-23","2024-07-23","UNIBO FICLIT","Francesca Fabbri","Blender","2024-07-23","2024-07-23","","","","","","","","","","","","","","","",""
"699693","Rudista","8","5 - Esportato","","","UNIBO FICLIT","Francesca Fabbri","Fotogrammetria","Nikon D750","2024-06-11","2024-06-11","UNIBO FICLIT","Francesca Fabbri","3df zephyre, Blender","2024-07-08","2024-07-08","UNIBO FICLIT","Francesca Fabbri","Blender","2024-07-09","2024-07-09","UNIBO FICLIT","Francesca Fabbri","Blender, Photoshop","2024-07-09","2024-07-09","UNIBO FICLIT","Francesca Fabbri","Blender","2024-07-09","2024-07-09","","","","","","","","","","","","","","","",""
"14","Foglie fossili:","7","","","no entità.","","","","","","","","","","","","","","","","","","","","","","","","","","","","","","","","","","","","","","","","","",""
"699739","Foglie fossili - Artocarpus","7","5 - Esportato","","","CNR ISPC","Maria Felicia Rega","Fotogrammetria","Canon EOS 6D","2024-05-31","2024-05-31","CNR ISPC","Maria Felicia Rega","3DF Zephyr","2024-07-16","2024-07-16","CNR ISPC","Maria Felicia Rega","Blender","2024-07-16","2024-07-16","CNR ISPC","Maria Felicia Rega","Instant Meshes, Blender, Gimp, 3DF Zephyr","2024-07-16","2024-07-16","CNR ISPC","Maria Felicia Rega","Blender","2024-07-16","2024-07-16","","","","","","","","","","","","","","","",""
"699740","Foglie fossili - Acer Trilobatum","7","5 - Esportato","","","CNR ISPC","Maria Felicia Rega","Fotogrammetria","Canon EOS 6D","2024-05-31","2024-05-31","CNR ISPC","Maria Felicia Rega","3DF Zephyr","2024-07-16","2024-07-16","CNR ISPC","Maria Felicia Rega","Blender","2024-07-16","2024-07-16","CNR ISPC","Maria Felicia Rega","Instant Meshes, Blender, Gimp, 3DF Zephyr","2024-07-16","2024-07-16","CNR ISPC","Maria Felicia Rega","Blender","2024-07-16","2024-07-16","","","","","","","","","","","","","","","",""
"699741","Foglie fossili - Hedera helia","7","5 - Esportato","","","UNIBO FICLIT","Francesca Fabbri","Fotogrammetria","Nikon D750","2024-05-31","2024-05-31","UNIBO FICLIT","Francesca Fabbri","3DF Zephyr, Cloud Compare","2024-08-05","2024-08-05","UNIBO FICLIT","Francesca Fabbri","Blender","2024-08-05","2024-08-05","UNIBO FICLIT","Francesca Fabbri","Instant Meshes, Blender, Photoshop, 3DF Zephyr","2024-08-06","2024-08-06","UNIBO FICLIT","Francesca Fabbri","Blender","2024-08-06","2024-08-06","","","","","","","","","","","","","","","",""
"699742","Foglie fossili - Jalix denticulata","7","5 - Esportato","v","","UNIBO FICLIT","Francesca Fabbri","Fotogrammetria","Nikon D750","2024-05-31","2024-05-31","UNIBO FICLIT","Francesca Fabbri","3df zephyre, Blender","2024-07-10","2024-07-10","UNIBO FICLIT","Francesca Fabbri","Blender","2024-07-10","2024-07-10","UNIBO FICLIT","Francesca Fabbri","Blender, Photoshop","2024-07-11","2024-07-11","UNIBO FICLIT","Francesca Fabbri","Blender","2024-07-11","2024-07-11","","","","","","","","","","","","","","","",""
"699743","Foglie fossili - Sequoia","7","5 - Esportato","v","","UNIBO FICLIT","Francesca Fabbri","Fotogrammetria","Nikon D750","2024-06-19","2024-06-19","UNIBO FICLIT","Francesca Fabbri","3df zephyre, Blender","2024-09-09","2024-09-09","UNIBO FICLIT","Francesca Fabbri","Blender","2024-09-09","2024-09-09","UNIBO FICLIT","Francesca Fabbri","Instant Meshes, Blender, Photoshop, 3DF Zephyr","2024-09-09","2024-09-09","UNIBO FICLIT","Francesca fabbri","Blender","2024-09-09","2024-09-09","","","","","","","","","","","","","","","",""
"15","Filliti (foglie fossili):","7","","","no entità.","","","","","","","","","","","","","","","","","","","","","","","","","","","","","","","","","","","","","","","","","",""
"699744","Fillite nel Travertino di Ascoli Piceno","7","5 - Esportato","v","","CNR ISPC","Maria Felicia Rega","Fotogrammetria","Canon EOS 6D","2024-05-31","2024-05-31","CNR ISPC","Maria Felicia Rega","3DF Zephyr","2024-07-16","2024-07-16","CNR ISPC","Maria Felicia Rega","Blender","2024-07-16","2024-07-16","CNR ISPC","Maria Felicia Rega","Instant Meshes, Blender, Gimp, 3DF Zephyr","2024-07-16","2024-07-16","CNR ISPC","Maria Felicia Rega","Blender","2024-07-16","2024-07-16","","","","","","","","","","","","","","","",""
"699745","Fillite - Taeniopteris","7","5 - Esportato","v","","UNIBO FICLIT","Francesca Fabbri","Fotogrammetria","Nikon D750","2024-05-31","2024-05-31","UNIBO FICLIT","Francesca Fabbri","3DF Zephyr","2024-09-11","2024-09-11","UNIBO FICLIT","Francesca Fabbri","Blender","2024-09-11","2024-09-11","UNIBO FICLIT","Francesca Fabbri","Instant Meshes, Blender, Photoshop, 3DF Zephyr","","2024-09-11","UNIBO FICLIT","Francesca Fabbri","Blender","2024-09-11","2024-09-11","","","","","","","","","","","","","","","",""
"699746","Pigna Quaternario","7","5 - Esportato","v","","UNIBO FICLIT","Francesca Fabbri","Fotogrammetria","Nikon D750","2024-06-12","2024-06-12","UNIBO FICLIT","Francesca Fabbri","3DF Zephyr, Cloud Compare","2024-09-13","2024-09-13","UNIBO FICLIT","Francesca Fabbri","Blender","2024-09-13","2024-09-13","UNIBO FICLIT","Francesca Fabbri","Instant Meshes, Blender, Photoshop, 3DF Zephyr","2024-09-13","2024-09-13","UNIBO FICLIT","Francesca Fabbri","Blender","2024-09-13","2024-09-13","","","","","","","","","","","","","","","",""
"17","Scapola di balena/uomo pliocenico (già acquisito, da verificare modello 3d)","4","","","","","","","","","","","","","","","","","","","","","","","","","","","","","","","","","","","","","","","","","","","","",""
"18","Elefante nano 2 denti:","6","","","no entità.","","","","","","","","","","","","","","","","","","","","","","","","","","","","","","","","","","","","","","","","","",""
"699747","Mnaidiensis (molare inf.)","6","5 - Esportato","v","","UNIBO DBC","Federica Collina","Scanner Artec","Artec Spider","2024-06-03","2024-06-03","UNIBO DBC","Federica Collina","Artec Studio 15","2024-07-31","2024-07-31","","","","","","UNIBO FICLIT","Alice Bordignon","Instant Meshes, Blender","2024-09-06","2024-09-06","UNIBO FICLIT","Alice Bordignon","Blender","2024-09-06","2024-09-06","","","","","","","","","","","","","","","",""
"699748","Falconeri (zanna)","6","5 - Esportato","v","*per modellazione si intende modifica della texture","UNIBO DBC","Federica Collina","Scanner Artec","Artec Spider","2024-06-03","2024-06-03","UNIBO DBC","Federica Collina","Artec Studio 15","2024-07-31","2024-07-31","UNIBO DBC","Federica Collina","Blender","2024-08-01","2024-08-01","UNIBO FICLIT","Francesca Fabbri","Instant Meshes, Blender","2024-09-12","2024-09-12","UNIBO FICLIT","Francesca Fabbri","Blender","2024-09-12","2024-09-12","","","","","","","","","","","","","","","",""
"19","7 Denti:","6","","","no entità.","","","","","","","","","","","","","","","","","","","","","","","","","","","","","","","","","","","","","","","","","",""
"699749","Dinotherium Giganteum (ultimo molare inf.)","6","5 - Esportato","v","*per modellazione si intende modifica della texture","UNIBO DBC","Federica Collina","Scanner Artec","Artec Spider","2024-06-03","2024-06-03","UNIBO DBC","Federica Collina","Artec Studio 15","2024-08-02","2024-08-02","UNIBO DBC","Federica Collina","Blender","2024-08-02","2024-08-02","UNIBO FICLIT","Alice Bordignon","Instant Meshes, Blender","2024-09-06","2024-09-06","UNIBO FICLIT","Alice Bordignon","Blender","2024-09-06","2024-09-06","","","","","","","","","","","","","","","",""
"699750","Mastodon Borsoni (penultimo molare inf. sx)","6","5 - Esportato","v","","UNIBO DBC","Federica Collina","Scanner Artec","Artec Spider","2024-06-03","2024-06-03","UNIBO DBC","Federica Collina","Artec Studio 15","2024-08-01","2024-08-01","","","","","","UNIBO FICLIT","francesca Fabbri","Instant Meshes, Blender","2024-09-12","2024-09-12","UNIBO FICLIT","Francesca Fabbri","Blender","2024-09-12","2024-09-12","","","","","","","","","","","","","","","",""
"699751","Mastodon Longirostris (ultimo molare sup.)","6","5 - Esportato","v","","UNIBO DBC","Federica Collina","Scanner Artec","Artec Spider","2024-06-03","2024-06-03","UNIBO DBC","Federica Collina","Artec Studio 15","2024-08-28","2024-08-28","UNIBO DBC","Federica Collina","Blender","2024-08-28","2024-08-28","UNIBO FICLIT","Alice Bordignon","Instant Meshes, Blender, Gimp","2024-09-09","2024-09-09","UNIBO FICLIT","Alice Bordignon","Blender","2024-09-09","2024-09-09","","","","","","","","","","","","","","","",""
"699708","Mastodon Averniensis (molare sup. dx)","6","5 - Esportato","v","","CNR ISPC","Maria Felicia Rega","Fotogrammetria","Canon EOS 6D","2024-12-10","2024-12-10","CNR ISPC","Maria Felicia Rega","3DF Zephyr","2024-12-13","2024-12-13","CNR ISPC","Maria Felicia Rega","Blender","2024-12-13","2024-12-13","CNR ISPC","Maria Felicia Rega","Instant Meshes, Blender, Gimp, 3DF Zephyr","2024-12-13","2024-12-16","CNR ISPC","Maria Felicia Rega","Blender","2024-12-16","2024-12-16","","","","","","","","","","","","","","","",""
"699752","Stegodon Insignis (molare sup.)","6","5 - Esportato","v","","UNIBO DBC","Federica Collina","Scanner Artec","Artec Spider","2024-06-03","2024-06-03","UNIBO DBC","Federica Collina","Artec Studio 15","2024-08-27","2024-08-27","UNIBO DBC","Federica Collina","Blender","2024-08-27","2024-08-27","UNIBO FICLIT","Francesca Fabbri","Instant Meshes, Blender","2024-09-12","2024-09-12","UNIBO FICLIT","Francesca Fabbri","blender","2024-09-12","2024-09-12","","","","","","","","","","","","","","","",""
"699753","Elephas Antiquus (dente molare sup.)","6","5 - Esportato","v","","UNIBO DBC","Federica Collina","Scanner Artec","Artec Spider","2024-06-11","2024-06-11","UNIBO DBC","Federica Collina","Artec Studio 15","2024-07-17","2024-07-17","","","","","","UNIBO FICLIT","Alice Bordignon","Instant Meshes, Blender","2024-09-10","2024-09-10","UNIBO FICLIT","Alice Bordignon","Blender","2024-09-10","2024-09-10","","","","","","","","","","","","","","","",""
"699722","Elephas Primigenius (dente molare)","6","5 - Esportato","v","Stampa 3D","UNIBO DBC","Federica Collina","Scanner Artec","Artec Spider","2024-06-11","2024-06-11","UNIBO DBC","Federica Collina","Artec Studio 15","2024-07-19","2024-07-19","","","","","","UNIBO FICLIT","Alice Bordignon","Instant Meshes, Blender","2024-08-01","2024-08-01","UNIBO FICLIT","Alice Bordignon","Blender","2024-08-01","2024-08-01","","","","","","","","","","","","","","","",""
"20","Micro mammiferi","","","","no entità.","","","","","","","","","","","","","","","","","","","","","","","","","","","","","","","","","","","","","","","","","",""
"699754","Cranio di volpe","6","5 - Esportato","v","","UNIBO FICLIT","Alice Bordignon","Fotogrammetria","Sony Alpha 6100","2024-06-24","2024-06-24","CNR ISPC","Maria Felicia Rega","3DF Zephyr","2024-10-09","2024-10-09","CNR ISPC","Maria Felicia Rega","Blender","2024-09-10","2024-09-10","CNR ISPC","Maria Felicia Rega","Instant Meshes, Blender","2024-09-10","2024-09-10","CNR ISPC","Maria Felicia Rega","Blender","2024-09-10","2024-09-10","","","","","","","","","","","","","","","",""
"699755","Felis pardus mandibola","6","5 - Esportato","v","","UNIBO FICLIT","Alice Bordignon","Fotogrammetria","Sony Alpha 6100","2024-06-24","2024-06-24","UNIBO FICLIT","Francesca Fabbri","3DF Zephyr","2024-09-02","2024-09-02","UNIBO FICLIT","Francesca Fabbri","Blender","2024-09-02","2024-09-02","UNIBO FICLIT","Francesca Fabbri","Instant Meshes, Blender","2024-09-02","2024-09-02","UNIBO FICLIT","Francesca Fabbri","Blender","2024-09-02","2024-09-02","","","","","","","","","","","","","","","",""
"699756","Felis pardus mascella","6","1b - Acquisito ma da rifare","","","UNIBO FICLIT","Alice Bordignon","Fotogrammetria","Sony Alpha 6100","2024-06-24","2024-06-24","","","","","","","","","","","","","","","","","","","","","","","","","","","","","","","","","","","",""
"699757","Cranio faina","6","5 - Esportato","v","","UNIBO FICLIT","Alice Bordignon","Fotogrammetria","Nikon D750","2024-06-25","2024-06-25","UNIBO FICLIT","Alice Bordignon","3DF Zephyr","2024-08-28","2024-08-28","UNIBO FICLIT","Alice Bordignon","Blender","2024-08-28","2024-08-28","UNIBO FICLIT","Alice Bordignon","Instant Meshes, Blender","2024-08-28","2024-08-28","UNIBO FICLIT","Alice Bordignon","Blender","2024-08-28","2024-08-28","","","","","","","","","","","","","","","",""
"699758","Felis silvestris mandibola","6","1b - Acquisito ma da rifare","","","UNIBO FICLIT","Alice Bordignon","Fotogrammetria","Nikon D750","2024-06-25","2024-06-25","","","","","","","","","","","","","","","","","","","","","","","","","","","","","","","","","","","",""
"699759","Hyaenodon heberti - porzione di mandibola dx","6","5 - Esportato","v","","UNIBO FICLIT","Alice Bordignon","Fotogrammetria","Nikon D750","2024-06-25","2024-06-25","CNR ISPC","Maria Felicia Rega","3DF Zephyr","2024-09-17","2024-09-17","CNR ISPC","Maria Felicia Rega","Blender","2024-09-17","2024-09-17","CNR ISPC","Maria Felicia Rega","Instant Meshes, Blender, Gimp","2024-09-17","2024-09-17","CNR ISPC","Maria Felicia Rega","Blender","2024-09-17","2024-09-17","","","","","","","","","","","","","","","",""
"699760","Aelurogale intermedia - porzione mascella sx, porzione mandibola dx","6","5 - Esportato","v","","UNIBO FICLIT","Alice Bordignon","Fotogrammetria","Nikon D750","2024-06-25","2024-06-25","CNR ISPC","Maria Felicia Rega","3DF Zephyr","2024-09-16","2024-09-16","CNR ISPC","Maria Felicia Rega","Blender","2024-09-16","2024-09-16","CNR ISPC","Maria Felicia Rega","Instant Meshes, Blender, Gimp","2024-09-16","2024-09-16","CNR ISPC","Maria Felicia Rega","Blender","2024-09-16","2024-09-16","","","","","","","","","","","","","","","",""
"699761","Pterodon dasyuroides - porzione di mascella dx","6","5 - Esportato","v","","UNIBO FICLIT","Alice Bordignon","Fotogrammetria","Nikon D750","2024-06-25","2024-06-25","CNR ISPC","Maria Felicia Rega","3DF Zephyr","2024-09-16","2024-09-16","CNR ISPC","Maria Felicia Rega","Blender","2024-09-16","2024-09-16","CNR ISPC","Maria Felicia Rega","Instant Meshes, Blender, Gimp","2024-09-16","2024-09-17","CNR ISPC","Maria Felicia Rega","Blender","2024-09-17","2024-09-17","","","","","","","","","","","","","","","",""
"699762","Canis - Mandibola sx","6","5 - Esportato","v","","UNIBO FICLIT","Alice Bordignon","Fotogrammetria","Nikon D750","2024-06-25","2024-06-25","CNR ISPC","Maria Felicia Rega","3DF Zephyr","2024-11-09","2024-11-09","CNR ISPC","Maria Felicia Rega","Blender","2024-11-09","2024-11-09","CNR ISPC","Maria Felicia Rega","Instant Meshes, Blender, Gimp","2024-11-09","2024-11-09","CNR ISPC","Maria Felicia Rega","Blender","2024-12-09","2014-12-09","","","","","","","","","","","","","","","",""
"699763","Meles meles - cranio","6","5 - Esportato","v","","UNIBO FICLIT","Alice Bordignon","Fotogrammetria","Nikon D750","2024-06-25","2024-06-25","UNIBO FICLIT","Francesca Fabbri","3DF Zephyr","2024-09-05","2024-09-05","UNIBO FICLIT","Francesca Fabbri","Blender","2024-09-06","2024-09-06","UNIBO FICLIT","Francesca Fabbri","Instant Meshes, Blender","2024-09-06","2024-09-06","UNIBO FICLIT","Francesca Fabbri","Blender","2024-09-06","2024-09-06","","","","","","","","","","","","","","","",""
"699764","Putorius - Cranio completo, arto anteriore, vertebre, scapola e costole","6","2 - Processato","","","UNIBO FICLIT","Alice Bordignon","Fotogrammetria","Nikon D750","2024-06-25","2024-06-25","UNIBO FICLIT","Alice Bordignon","3DF Zephyr","2024-09-11","2024-09-11","","","","","","","","","","","","","","","","","","","","","","","","","","","","","","",""
"699765","Meles meles - mandibole","6","1b - Acquisito ma da rifare","","","UNIBO FICLIT","Alice Bordignon","Fotogrammetria","Nikon D750","2024-06-25","2024-06-25","","","","","","","","","","","","","","","","","","","","","","","","","","","","","","","","","","","",""
"21","Ursus Spelaeus","6","1b - Acquisito ma da rifare","","se c'è tempo scansionare cranio","UNIBO FICLIT","Francesca Fabbri","Fotogrammetria","","","","","","","","","","","","","","","","","","","","","","","","","","","","","","","","","","","","","","",""
"699723","Mammuth primigenius","6","5 - Esportato","v","modello per disseminazione, non documentazione","UNIBO FICLIT","Alice Bordignon","Fotogrammetria","Nikon D750","2024-06-25","2024-06-25","UNIBO FICLIT","Alice Bordignon","3DF Zephyr","2025-04-04","2025-04-04","UNIBO FICLIT","Alice Bordignon","Blender","2025-04-10","2025-04-12","UNIBO FICLIT","Alice Bordignon","Instant Meshes, Blender","2025-04-12","2025-04-20","UNIBO FICLIT","Alice Bordignon","Blender","2025-05-20","2025-05-20","","","","","","","","","","","","","","","",""
"23","Glyptodon typus:","4","","","no entità.","","","","","","","","","","","","","","","","","","","","","","","","","","","","","","","","","","","","","","","","","",""
"699716","Corazza","4","1b - Acquisito ma da rifare","","Possibile caso studio, da valutare la riacquisizione","UNIBO FICLIT","Alice Bordignon","Fotogrammetria","RICOH THETA SC2","2024-06-25","2024-06-25","","","","","","","","","","","","","","","","","","","","","","","","","","","","","","","","","","","",""
"699717","Modellino","4","5 - Esportato","v","","UNIBO FICLIT","Alice Bordignon","Fotogrammetria","Nikon D750","2024-06-19","2024-06-19","UNIBO FICLIT","Alice Bordignon","3DF Zephyr","2024-07-22","2024-07-22","UNIBO FICLIT","Alice Bordignon","Blender","2024-07-23","2024-07-23","UNIBO FICLIT","Alice Bordignon","Instant Meshes, Blender","2024-07-24","2024-07-24","UNIBO FICLIT","Alice Bordignon","Blender","2024-07-24","2024-07-24","","","","","","","","","","","","","","","",""
"699718","Ossa mandibola - pezzo piccolo","4","5 - Esportato","v","","UNIBO FICLIT","Francesca Fabbri","Fotogrammetria","Nikon D750","2024-06-19","2024-06-19","UNIBO FICLIT","Francesca Fabbri","3DF Zephyr","2024-07-22","2024-07-22","UNIBO FICLIT","Francesca Fabbri","Blender","2024-07-22","2024-07-22","UNIBO FICLIT","Francesca Fabbri","Blender","2024-07-22","2024-07-22","UNIBO FICLIT","Francesca Fabbri","Blender","2024-07-22","2024-07-22","","","","","","","","","","","","","","","",""
"699719","Ossa mandibola - pezzo grande","4","5 - Esportato","v","","UNIBO FICLIT","Alice Bordignon","Fotogrammetria","Nikon D750","2024-06-19","2024-06-19","UNIBO FICLIT","Alice Bordignon","3DF Zephyr","2024-07-29","2024-07-29","UNIBO FICLIT","Alice Bordignon","Blender","2024-07-29","2024-07-29","UNIBO FICLIT","Alice Bordignon","Instant Meshes, Blender","2024-07-30","2024-07-30","UNIBO FICLIT","Alice Bordignon","Blender","2024-07-30","2024-07-30","","","","","","","","","","","","","","","",""
"699720","Femore Glyptodon","4","5 - Esportato","","","UNIBO FICLIT","Alice Bordignon","Fotogrammetria","Sony Alpha 6100","2024-06-19","2024-06-19","UNIBO FICLIT","Alice Bordignon","3DF Zephyr","2024-07-12","2024-07-12","UNIBO FICLIT","Alice Bordignon","Blender","2025-07-15","2025-07-15","UNIBO FICLIT","Alice Bordignon","Instant Meshes, Blender, Gimp, 3DF Zephyr","2024-07-15","2024-07-15","UNIBO FICLIT","Alice Bordignon","Blender","2024-07-26","2024-07-26","","","","","","","","","","","","","","","",""
"699721","Ossa del bacino del Glyptodon","4","5 - Esportato","","","UNIBO DBC","Federica Collina","Scanner Artec","Artec Spider","2024-06-19","2024-06-19","UNIBO DBC","Federica Collina","Artec Studio 18","2025-01-29","2025-01-30","UNIBO DBC","Federica Collina","Blender","2025-02-24","2025-02-24","UNIBO FICLIT","Alice Bordignon","Instant Meshes, Blender, Gimp","2025-03-04","2025-03-04","UNIBO FICLIT","Alice Bordignon","Blender","2025-03-04","2025-03-04","","","","","","","","","","","","","","","",""
"699715","Scelidotherium capellini","5","5 - Esportato","","","UNIBO DA","Mattia Sullini","Fotogrammetria","Sony Alpha 7 II","2024-06-11","2025-06-13","UNIBO DA","Mattia Sullini","Metashape","2024-06-11","2025-06-20","UNIBO DA","Mattia Sullini","Zbrush","2024-06-13","2025-09-30","UNIBO DA","Mattia Sullini","Modo, Zbrush","2025-09-15","2026-02-28","UNIBO DA","Mattia Sullini","InstaLOD","2026-02-26","2026-02-28","","","","","","","","","","","","","","","",""
"699707","Pesce spada del Samoggia","5","5 - Esportato","","","UNIBO DBC","Federica Collina","Scanner Artec","Artec Spider","2024-06-03","2024-06-03","UNIBO DBC","Federica Collina","Artec Studio 15","2024-08-26","2024-08-26","","","","","","UNIBO FICLIT","Alice Bordignon","Instant Meshes, Blender","2024-09-25","2024-09-25","UNIBO FICLIT","Alice Bordignon","Blender","2024-09-25","2024-09-25","","","","","","","","","","","","","","","",""
"699696","Oreopithecus (scimmia antropomorfa)","4","5 - Esportato","","PRIORITA': entro fine giugno. Si può acquisire tra un mese/un mese e mezzo (data riunione 18 febbraio)","UNIBO FICLIT","Alice Bordignon, Francesca Fabbri","Fotogrammetria","Sony Alpha 6100, Artec Spider","2025-03-06","2025-03-06","UNIBO FICLIT","Francesca Fabbri","Artec Studio 19","2025-04-06","2025-04-06","UNIBO FICLIT","Francesca fabbri","Blender","2024-06-03","2024-06-04","UNIBO FICLIT","Francesca Fabbri","Instant Meshes, Blender","2024-06-04","2024-06-04","UNIBO FICLIT","Francesca Fabbri","Blender","2024-06-04","2024-06-04","","","","","","","","","","","","","","","",""
"699766","Archaeopteropus transiens Pipistrello","4","5 - Esportato","","*per modellazione si intende modifica della texture","UNIBO DBC","Federica Collina","Scanner Artec","Artec Spider","2024-05-31","2024-05-31","UNIBO DBC","Federica Collina","Artec Studio 15","2024-08-27","2024-08-27","UNIBO DBC","Federica Collina","Blender","2024-08-27","2024-08-27","UNIBO FICLIT","francesca Fabbri","Instant Meshes, Blender","2024-09-12","2024-09-12","UNIBO FICLIT","Francesca Fabbri","Blender","2024-09-12","2024-09-12","","","","","","","","","","","","","","","",""
"29","Uccello fossile - Sitta cuvieri","11","","","no entità.","","","","","","","","","","","","","","","","","","","","","","","","","","","","","","","","","","","","","","","","","",""
"699767","Uccello fossile - Sitta cuvieri - estremità inferiore","11","5 - Esportato","","","CNR ISPC","Maria Felicia Rega","Fotogrammetria","Canon EOS 6D","2024-05-31","2024-05-31","CNR ISPC","Maria Felicia Rega","3DF Zephyr","2024-07-15","2024-07-15","CNR ISPC","Maria Felicia Rega","Blender","2024-07-15","2024-07-15","CNR ISPC","Maria Felicia Rega","Instant Meshes, Blender, Gimp, 3DF Zephyr","2024-07-15","2024-07-15","CNR ISPC","Maria Felicia Rega","Blender","2024-07-15","2024-07-15","","","","","","","","","","","","","","","",""
"699768","Uccello fossile - Sitta cuvieri - scheletro","11","5 - Esportato","","","CNR ISPC","Maria Felicia Rega","Fotogrammetria","Canon EOS 6D","2024-05-31","2024-05-31","CNR ISPC","Maria Felicia Rega","3DF Zephyr","2024-07-15","2024-07-15","CNR ISPC","Maria Felicia Rega","Blender","2024-07-15","2024-07-15","CNR ISPC","Maria Felicia Rega","Instant Meshes, Blender, Gimp, 3DF Zephyr","2024-07-15","2024-07-15","CNR ISPC","Maria Felicia Rega","Blender","2024-07-15","2024-07-15","","","","","","","","","","","","","","","",""
"699769","Uccello fossile, Sitta cuvieri, Tringa Hoffmanni","11","5 - Esportato","","","UNIBO FICLIT","Alice Bordignon","Fotogrammetria","Sony Alpha 6100","2024-06-19","2024-06-19","CNR ISPC","Maria Felicia Rega","3DF Zephyr","2024-09-18","2025-09-18","CNR ISPC","Maria Felicia Rega","Blender","2024-07-18","2024-07-19","CNR ISPC","Maria Felicia Rega","Instant Meshes, Blender, Gimp, 3DF Zephyr","2024-07-18","2024-07-19","CNR ISPC","Maria Felicia Rega","Blender","2024-07-19","2024-07-19","","","","","","","","","","","","","","","",""
"699770","Ritratto di capellini","1","5 - Esportato","","","UNIBO FICLIT","Alice Bordignon","Fotogrammetria","Sony Alpha 6100","2024-06-10","2024-06-10","UNIBO FICLIT","Alice Bordignon","3DF Zephyr","2024-07-04","2024-07-04","UNIBO FICLIT","Alice Bordignon","Blender","2024-08-30","2024-08-30","UNIBO FICLIT","Alice Bordignon","Blender","2024-08-30","2024-08-30","UNIBO FICLIT","Alice Bordignon","Blender","2024-08-30","2024-08-30","","","","","","","","","","","","","","","",""
"699711","Scheletro di balena Pianoro","13","5 - Esportato","","PRIORITA': entro fine marzo. Serve modello grezzo","UNIBO DBC","Federica Collina, Alice Bordignon","Scanner Artec","FARO Scanner, Nikon D750","2025-03-05","2025-03-05","UNIBO FICLIT","Alice Bordignon","3DF Zephyr","2025-03-10","2025-03-21","UNIBO FICLIT","Alice Bordignon","Blender","2025-03-21","2025-03-24","UNIBO FICLIT","Alice Bordignon","3DF Zephyr, Blender, Gimp","2025-03-21","2025-03-24","UNIBO FICLIT","Alice Bordignon","Blender","2025-03-24","2025-03-24","","","","","","","","","","","","","","","",""
"699771","Cranio di uccello","12","5 - Esportato","Fra","*per modellazione si intende modifica della texture","UNIBO DBC","Federica Collina","Scanner Artec","Artec Spider","2024-05-30","2024-05-30","UNIBO DBC","Federica Collina","Artec Studio 15","2024-07-30","2024-07-30","UNIBO DBC","Federica Collina","Blender","2024-07-30","2024-07-30","UNIBO FICLIT","Francesca Fabbri","Instant Meshes, Blender","2025-06-13","2025-06-13","UNIBO FICLIT","Francesca Fabbri","Blender","2025-06-13","2025-06-13","","","","","","","","","","","","","","","",""
"699772","Tronco gessificato","7","5 - Esportato","","","UNIBO FICLIT","Francesca Fabbri","Fotogrammetria","Panasonic DMC-LX100","2024-06-18","2024-06-18","UNIBO FICLIT","Francesca Fabbri","3DF Zephyr","2024-08-28","2024-08-28","UNIBO FICLIT","Francesca Fabbri","Blender","2024-08-28","2024-08-29","UNIBO FICLIT","Francesca Fabbri","Instant Meshes, Blender, Photoshop, 3DF Zephyr","2024-08-29","2024-08-29","UNIBO FICLIT","Francesca Fabbri","Blender","2024-08-29","2024-08-29","","","","","","","","","","","","","","","",""
"699773","Pterodactylus Longirostris","10","5 - Esportato","","","UNIBO FICLIT","Francesca Fabbri","Fotogrammetria","Nikon D750","2024-07-20","2024-07-20","UNIBO FICLIT","Francesca Fabbri","3DF Zephyr","2024-10-03","2024-10-03","UNIBO FICLIT","Francesca Fabbri","Blender","2024-10-04","2024-10-04","UNIBO FICLIT","Francesca Fabbri","Instant Meshes, Blender, Photoshop, 3DF Zephyr","2024-10-04","2024-10-04","UNIBO FICLIT","Francesca Fabbri","Blender","2024-10-04","2024-10-04","","","","","","","","","","","","","","","",""
"FINE OBBLIGATORI","","","","","","","","","","","","","","","","","","","","","","","","","","","","","","","","","","","","","","","","","","","","","","",""
"D1","Protosphargis veronensis","11","","","","","","","","","","","","","","","","","","","","","","","","","","","","","","","","","","","","","","","","","","","","",""
"D2","Plastico ambiente di montagna con fiumi","8","","","","","","","","","","","","","","","","","","","","","","","","","","","","","","","","","","","","","","","","","","","","",""
"D3","Plastico ambiente marino scogliera","8","","","Già presente tra i modelli vecchi del Museo","","","","","","","","","","","","","","","","","","","","","","","","","","","","","","","","","","","","","","","","","",""
"699774","Plastico ambiente vulcanico","8","5 - Esportato","","","UNIBO FICLIT","Alice Bordignon","Fotogrammetria","Sony Alpha 6100","2024-06-24","2024-06-24","UNIBO FICLIT","Alice Bordignon","3DF Zephyr","2024-08-02","2024-08-02","UNIBO FICLIT","Alice Bordignon","Blender","2024-08-05","2024-08-05","UNIBO FICLIT","Alice Bordignon","Instant Meshes, Blender, Gimp","2024-08-05","2024-08-05","UNIBO FICLIT","Alice Bordignon","Blender","2024-08-05","2024-08-05","","","","","","","","","","","","","","","",""
"699775","Plastico ambiente montano – ghiacciaio","8","5 - Esportato","","","UNIBO FICLIT","Alice Bordignon","Fotogrammetria","Sony Alpha 6100","2024-06-24","2024-06-24","CNR ISPC","Maria Felicia Rega","3DF Zephyr","2024-09-19","2024-09-19","CNR ISPC","Maria Felicia Rega","Blender","2024-09-19","2024-09-23","CNR ISPC","Maria Felicia Rega","Instant Meshes, Blender, Gimp","2024-09-19","2024-09-23","CNR ISPC","Maria Felicia Rega","Blender","2024-10-02","2024-10-02","","","","","","","","","","","","","","","",""
"D6","Palma - Xemiphenicites","7","","","","","","","","","","","","","","","","","","","","","","","","","","","","","","","","","","","","","","","","","","","","",""
"699776","Uova di dinosauro sauropode","10","5 - Esportato","","Due pezzi (due dataset) che poi però vanno insieme","UNIBO FICLIT","Alice Bordignon","Fotogrammetria","Sony Alpha 6100","2024-06-24","2024-06-24","UNIBO FICLIT","Luisa Ammirati","3DF Zephyr","2025-01-10","2025-01-13","UNIBO FICLIT","Luisa Ammirati","Blender","2025-01-30","2025-01-31","UNIBO FICLIT","Luisa Ammirati","Instant Meshes, Blender","2025-01-31","2025-01-31","UNIBO FICLIT","Luisa Ammirati","Blender","2025-01-31","2025-01-31","","","","","","","","","","","","","","","",""
"D8","Diplodoco di cui esiste nuvola di punti da controllare","10","","","","","","","","","","","","","","","","","","","","","","","","","","","","","","","","","","","","","","","","","","","","",""
"D10","Mastodonte di cui esiste nuvola di punti da controllare","6","","","","","","","","","","","","","","","","","","","","","","","","","","","","","","","","","","","","","","","","","","","","",""
"699710","Rhinoceros etruscus","6","5 - Esportato","","PRIORITA': entro fine giugno. Da acquisire con lo scanner","UNIBO FICLIT","Luisa Ammirati","Scanner Artec","Artec Spider","2025-03-05","2025-03-05","UNIBO FICLIT","Luisa Ammirati","Artec Studio 19","2025-03-05","2025-03-05","UNIBO FICLIT","Luisa Ammirati","Blender","2025-04-10","2025-04-10","UNIBO FICLIT","Luisa Ammirati","Instant Meshes, Blender","2025-04-10","2025-04-10","UNIBO FICLIT","Luisa Ammirati","Blender","2025-04-10","2025-04-10","","","","","","","","","","","","","","","",""
"D13","Ambiente vulcanico, vesuvio","4","","","","","","","","","","","","","","","","","","","","","","","","","","","","","","","","","","","","","","","","","","","","",""
"D14","Etna","4","","","","","","","","","","","","","","","","","","","","","","","","","","","","","","","","","","","","","","","","","","","","",""
"D15","Delfini già acquisiti","4","","","acquisiti dagli ucraini, vedere se si riescono a recuperare","","","","","","","","","","","","","","","","","","","","","","","","","","","","","","","","","","","","","","","","","",""
"699777","Disegno originale regalato a Capellini","4","5 - Esportato","","","UNIBO FICLIT","Alice Bordignon","Fotogrammetria","Nikon D750","2024-06-19","2024-06-19","UNIBO FICLIT","Alice Bordignon","3DF Zephyr","2024-07-03","2024-07-04","UNIBO FICLIT","Alice Bordignon","Blender","2024-09-09","2024-09-09","UNIBO FICLIT","Alice Bordignon","Blender","2024-09-09","2024-09-09","UNIBO FICLIT","Alice Bordignon","Blender","2024-09-09","2024-09-09","","","","","","","","","","","","","","","",""
"D17","Orca Citoniensis già acquisita da verificare","6","","","","","","","","","","","","","","","","","","","","","","","","","","","","","","","","","","","","","","","","","","","","",""
"D18","Cycadeoidea  (già acquisito, da verificare modello 3d)","7","","","","","","","","","","","","","","","","","","","","","","","","","","","","","","","","","","","","","","","","","","","","",""
"D19","Modello di iguanodon (già acquisito, da verificare modello 3d)","12","","","","","","","","","","","","","","","","","","","","","","","","","","","","","","","","","","","","","","","","","","","","",""
"FINE DESIDERATA AGGIUNTIVI","","","","","","","","","","","","","","","","","","","","","","","","","","","","","","","","","","","","","","","","","","","","","","",""
"D20","Impronte tetrapode","","","","no entità.","","","","","","","","","","","","","","","","","","","","","","","","","","","","","","","","","","","","","","","","","",""
"699704","1637 Nord America, Apatichnis","12","5 - Esportato","","","UNIBO FICLIT","Alice Bordignon","Fotogrammetria","Nikon D750","2024-06-20","2024-06-20","CNR ISPC","Maria Felicia Rega","3DF Zephyr","2024-07-25","2024-07-25","CNR ISPC","Maria Felicia Rega","Blender","2024-07-26","2024-07-26","CNR ISPC","Maria Felicia Rega","Instant Meshes, Blender, Gimp, 3DF Zephyr","2024-07-26","2024-07-26","CNR ISPC","Maria Felicia Rega","Blender","2024-07-26","2024-07-26","","","","","","","","","","","","","","","",""
"699780","1639 Nord America, impronte indet","11","5 - Esportato","","","UNIBO FICLIT","Alice Bordignon","Fotogrammetria","Nikon D750","2024-06-20","2024-06-20","UNIBO FICLIT","Francesca Fabbri","3DF Zephyr","2024-07-24","2024-07-24","UNIBO FICLIT","Francesca Fabbri","Blender","2024-07-24","2024-07-24","UNIBO FICLIT","Francesca Fabbri","Instant Meshes, Blender, Photoshop, 3DF Zephyr","2024-07-24","2024-07-24","UNIBO FICLIT","Francesca Fabbri","Blender","2024-07-24","2024-07-24","","","","","","","","","","","","","","","",""
"699781","1946 Nord America, impronta indet","2","5 - Esportato","","","UNIBO FICLIT","Alice Bordignon","Fotogrammetria","Nikon D750","2024-06-20","2024-06-20","CNR ISPC","Maria Felicia Rega","3DF Zephyr","2024-07-29","2024-07-29","CNR ISPC","Maria Felicia Rega","Blender","2024-06-08","2024-06-08","CNR ISPC","Maria Felicia Rega","Instant Meshes, Blender, Gimp","2024-06-08","2024-06-08","CNR ISPC","Maria Felicia Rega","Blender","2024-06-08","2024-06-08","","","","","","","","","","","","","","","",""
"699703","1943 Nord America, impronta indet","11","5 - Esportato","","","UNIBO FICLIT","Alice Bordignon","Fotogrammetria","Nikon D750","2024-06-20","2024-06-20","UNIBO FICLIT","Alice Bordignon","3DF Zephyr","2024-09-12","2024-09-12","UNIBO FICLIT","Alice Bordignon","Blender","2024-09-12","2024-09-12","UNIBO FICLIT","Alice Bordignon","Instant Meshes, Blender, Gimp","2024-09-12","2024-09-12","UNIBO FICLIT","Alice Bordignon","Blender","2024-09-12","2024-09-12","","","","","","","","","","","","","","","",""
"699783","1636 Nord America, Anisopus","11","5 - Esportato","","","UNIBO FICLIT","Francesca Fabbri","Fotogrammetria","Nikon D750","2024-06-20","2024-06-20","UNIBO FICLIT","Francesca Fabbri","3DF Zephyr","2024-07-24","2024-07-24","UNIBO FICLIT","Francesca Fabbri","Blender","2024-07-24","2024-07-24","UNIBO FICLIT","Francesca Fabbri","Instant Meshes, Blender, Gimp, 3DF Zephyr","2024-07-24","2024-07-24","UNIBO FICLIT","Francesca Fabbri","Blender","2024-07-24","2024-07-24","","","","","","","","","","","","","","","",""
"699782","Nord America Anomopoeus, impronta di dinosauro ornitopode. MA (USA)","12","5 - Esportato","","","UNIBO FICLIT","Alice Bordignon","Fotogrammetria","Nikon D750","2024-06-20","2024-06-20","UNIBO FICLIT","Alice Bordignon","3DF Zephyr","2024-07-29","2024-07-29","UNIBO FICLIT","Alice Bordignon","Blender","2024-07-31","2024-07-31","UNIBO FICLIT","Alice Bordignon","Instant Meshes, Blender","2024-07-31","2024-07-31","UNIBO FICLIT","Alice Bordignon","Blender","2024-07-31","2024-07-31","","","","","","","","","","","","","","","",""
"699697","Panthera Spelaea. Leone delle caverne, Grotta di Pocala, Trieste (1810)","12","5 - Esportato","","","UNIBO FICLIT","Alice Bordignon","Fotogrammetria","Nikon D750","2024-06-20","2024-06-20","UNIBO FICLIT","Alice Bordignon","3DF Zephyr","2024-07-19","2024-07-19","UNIBO FICLIT","Alice Bordignon","Blender","2024-07-25","2024-07-25","UNIBO FICLIT","Alice Bordignon","Instant Meshes, Blender","2024-07-26","2024-07-26","UNIBO FICLIT","Alice Bordignon","Blender","2024-07-26","2024-07-26","","","","","","","","","","","","","","","",""
"FINE EXTRA","","","","","","","","","","","","","","","","","","","","","","","","","","","","","","","","","","","","","","","","","","","","","","",""
